<odoo>
    <data noupdate="1">
        <!-- Record Rules for Student Access -->
        <record id="student_access_rule" model="ir.rule">
            <field name="name">Student Access Rule</field>
            <field name="model_id" ref="model_school_student"/>
            <field name="groups" eval="[(4, ref('school.group_school_student_record_access'))]"/>
            <field name="domain_force">[(1, '=', 1)]</field> <!-- Can read all records -->
            <field name="perm_read" eval="True"/>
            <field name="perm_write" eval="False"/>
            <field name="perm_create" eval="False"/>
            <field name="perm_unlink" eval="False"/>
        </record>
        <record id="action_school_rule" model="ir.rule">
            <field name="name">Action School</field>
            <field name="model_id" ref="school.model_school_profile"/>
            <field name="domain_force">[('create_uid','=',user.id)]</field>
            <field name="groups" eval="[(4,ref('school.group_gov_record_access'))]"></field>
            <field name="perm_read" eval="False"/>
            <field name="perm_write" eval="False"/>
            <field name="perm_create" eval="False"/>
            <field name="perm_unlink" eval="False"/>
        </record> 
    </data>
</odoo>
