<?xml version="1.0" encoding="UTF-8"?>
<templates id="template" xml:space="preserve">
<!--This is used for creating a new screen for showing booked orders-->
    <t t-name="pos_book_order.BookedOrdersScreen" owl="1">
    <div class="partnerlist-screen screen">
        <div class="screen-content">
            <div class="top-content">
                <div class="button back" t-on-click="back" t-if="!props.new_order">
                    <i class="fa fa-angle-double-left"/>
                    Back
                </div>
                <div class="button back" t-if="props.new_order" t-on-click="orderDone">
                <i class="oi oi-chevron-right" role="img"
                   aria-label="New Order" title="New Order"/>
                    New Order
                </div>
            </div>
            <table class="partner-list table table-striped w-100">
                <thead>
                    <tr>
                        <th class="py-2">Order Ref.</th>
                        <th class="py-2">Customer</th>
                        <th class="py-2">Contact No.</th>
                        <th class="py-2">Order Date</th>
                        <th class="py-2">Pickup Date</th>
                        <th class="py-2">Delivery Date</th>
                        <th class="py-2">Address</th>
                        <th class="py-2">Total</th>
                        <th class="py-2">Confirm</th>
                    </tr>
                </thead>
                <tbody class="partner-list-contents">
                    <t t-foreach="props.data"
                       t-as="order"
                       t-key="order.id">
                        <tr>
                            <td>
                                <div class="col"
                                     t-att-class="{ highlight: isHighlighted(order) }">
                                    <div t-if="env.isMobile">Order Ref.</div>
                                    <div>
                                        <t t-esc="order.name"/>
                                    </div>
                                </div>
                            </td>
                            <td>
                                <div class="col"
                                     t-att-class="{ highlight: isHighlighted(order) }">
                                    <div t-if="env.isMobile">Customer</div>
                                    <div>
                                        <t t-esc="order.partner_name"/>
                                    </div>
                                </div>
                            </td>
                            <td>
                                <div class="col"
                                     t-att-class="{ highlight: isHighlighted(order) }">
                                    <div t-if="env.isMobile">Contact No.</div>
                                    <div>
                                        <t t-esc="order.phone"/>
                                    </div>
                                </div>
                            </td>
                            <td>
                                <div class="col"
                                     t-att-class="{ highlight: isHighlighted(order) }">
                                    <div t-if="env.isMobile">Order Date.</div>
                                    <div>
                                        <t t-esc="order.date"/>
                                    </div>
                                </div>
                            </td>
                            <td>
                                <div class="col"
                                     t-att-class="{ highlight: isHighlighted(order) }">
                                    <div t-if="env.isMobile">Pickup Date</div>
                                    <div t-if="order.pickup">
                                        <t t-esc="order.pickup"/>
                                    </div>
                                </div>
                            </td>
                            <td>
                                <div class="col"
                                     t-att-class="{ highlight: isHighlighted(order) }">
                                    <div t-if="env.isMobile">Delivery Date</div>
                                    <div t-if="order.deliver">
                                        <t t-esc="order.deliver"/>
                                    </div>
                                </div>
                            </td>
                            <td>
                                <div class="col wide"
                                     t-att-class="{ highlight: isHighlighted(order) }">
                                    <div t-if="env.isMobile">Address</div>
                                    <div>
                                        <t t-esc="order.address"/>
                                    </div>
                                </div>
                            </td>
                            <td>
                                <div class="col"
                                     t-att-class="{ highlight: isHighlighted(order) }">
                                    <div t-if="env.isMobile">Total</div>
                                    <div>
                                        <t t-esc="order.total">
                                        </t>
                                    </div>
                                </div>
                            </td>
                            <td>
                                <div class="col"
                                     t-att-class="{ highlight: isHighlighted(order) }">
                                    <button class="confirm-button"
                                            name="confirm_order"
                                            id="confirm_order"
                                            t-on-click="() => this._Confirm(order)">
                                        Confirm Order
                                    </button>
                                </div>
                            </td>
                        </tr>
                    </t>
                    <t t-if="props.data.length==0">
                        <div class="empty-order-list"
                             style="text-align: center; margin: 48px;color: #80848F;">
                            <i role="img" aria-label="Shopping cart"
                               title="Shopping cart"
                               class="fa fa-shopping-cart">
                            </i>
                            <h1>No orders found</h1>
                        </div>
                    </t>
                </tbody>
            </table>
        </div>
    </div>
</t>
</templates>
