<?xml version="1.0" encoding="UTF-8"?>
<templates id="template" xml:space="preserve">
<!-- This button for booking orders-->
    <t t-name="pos_book_order.BookOrderButton" owl="1">
    <div class="control-button o_pricelist_button btn btn-light rounded-0 fw-bolder"
         t-on-click="onClick">
        <i class='fa fa-book'/>
        <span class="label">Booking</span>
    </div>
    </t>
        <!-- This button for seeing booked orders-->
    <t t-name="pos_book_order.BookedOrdersButton" owl="1">
    <div class="control-button o_pricelist_button btn btn-light rounded-0 fw-bolder"
         t-on-click="onClick">
        Booked Orders
    </div>
    </t>
</templates>