<?xml version="1.0" encoding="utf-8"?>
<odoo noupdate="0">
    
    <!-- <record id="payment_method_yo_pay" model="payment.method">
        <field name="name">YO Pay</field>
        <field name="code">yo_pay</field>
        <field name="sequence">1000</field>
        <field name="active">False</field>
        <field name="image" type="base64" file="payment_add/static/description/icon.png"/>
        <field name="support_tokenization">False</field>
        <field name="support_express_checkout">False</field>
        <field name="support_refund">partial</field>
        <field name="supported_currency_ids"
               eval="[Command.set([
                         ref('base.INR'),
                     ])]"
        />
    </record> -->

    
    <record id="payment_provider_my" model="payment.provider">
        <field name="name">Cybersource Pay</field>
        <field name="image_128" type="base64" file="payment_add/static/description/icon.png"/>
        <!-- <field name="module_id" ref="base.module_payment_stripe"/> -->
        <field name="payment_method_ids"
               eval="[Command.set([
                         ref('payment.payment_method_card'),
                         ref('payment.payment_method_mada'),
                         ref('payment.payment_method_knet'),
                         ref('payment.payment_method_meeza'),
                         ref('payment.payment_method_naps'),
                         ref('payment.payment_method_omannet'),
                         ref('payment.payment_method_benefit'),
                     ])]"
        />
        <field name="code">cybersource</field>
    </record>
    
    <!-- <record id="payment_provider_stripe" model="payment.provider">
        <field name="name">Stripe</field>
        <field name="image_128" type="base64" file="payment_stripe/static/description/icon.png"/>
        <field name="module_id" ref="base.module_payment_stripe"/>
       
            See https://stripe.com/payments/payment-methods-guide
            See https://support.goteamup.com/hc/en-us/articles/115002089349-Which-cards-and-payment-types-can-I-accept-with-Stripe-
      
        <field name="payment_method_ids"
               eval="[Command.set([
                         ref('payment.payment_method_ach_direct_debit'),
                         ref('payment.payment_method_acss_debit'),
                         ref('payment.payment_method_affirm'),
                         ref('payment.payment_method_afterpay'),
                         ref('payment.payment_method_alipay'),
                         ref('payment.payment_method_bacs_direct_debit'),
                         ref('payment.payment_method_bancontact'),
                         ref('payment.payment_method_becs_direct_debit'),
                         ref('payment.payment_method_boleto'),
                         ref('payment.payment_method_card'),
                         ref('payment.payment_method_cash_app_pay'),
                         ref('payment.payment_method_clearpay'),
                         ref('payment.payment_method_eps'),
                         ref('payment.payment_method_fpx'),
                         ref('payment.payment_method_giropay'),
                         ref('payment.payment_method_grabpay'),
                         ref('payment.payment_method_ideal'),
                         ref('payment.payment_method_klarna'),
                         ref('payment.payment_method_mobile_pay'),
                         ref('payment.payment_method_multibanco'),
                         ref('payment.payment_method_p24'),
                         ref('payment.payment_method_paynow'),
                         ref('payment.payment_method_paypal'),
                         ref('payment.payment_method_pix'),
                         ref('payment.payment_method_promptpay'),
                         ref('payment.payment_method_revolut_pay'),
                         ref('payment.payment_method_sepa_direct_debit'),
                         ref('payment.payment_method_sofort'),
                         ref('payment.payment_method_upi'),
                         ref('payment.payment_method_wechat_pay'),
                         ref('payment.payment_method_zip'),
                     ])]"
        />
    </record> -->
</odoo>